"Carimbo de data/hora","1. O que voc√™ considera mais importante ao escolher um consult√≥rio odontol√≥gico para atendimento?","2. Quais fatores mais influenciam sua decis√£o de retornar ao mesmo consult√≥rio odontol√≥gico para tratamentos futuros?","3. Que servi√ßos adicionais ou comodidades voc√™ gostaria de ver sendo oferecidos em consult√≥rios odontol√≥gicos para melhorar sua experi√™ncia?","4. O que voc√™ mais valoriza em um consult√≥rio odontol√≥gico?","5. Quais canais de comunica√ß√£o voc√™ prefere para agendar consultas ou receber informa√ß√µes do consult√≥rio?","6. J√° experimentou algum problema ou desconforto que te fez buscar outro consult√≥rio odontol√≥gico? Se sim, qual?","7.  Qual das formas de pagamento abaixo deveriam ser obrigatoriamente oferecidas pelo consult√≥rio odontol√≥gico como op√ß√£o?","8.  Na sua opini√£o, o que mais te afastaria de um consult√≥rio e te levaria a buscar outro atendimento odontol√≥gico?","9. Como conheceu os consult√≥rios odontol√≥gicos nos quais j√° foi ou √© atendido(a)"
"2024/04/12 2:52:43 PM GMT-3","Esclarecimento do dentista acerca dos procedimentos a serem feitos","Atendimento respeitoso e pontual","Sistema de lembretes de consulta digital e informa√ß√µes sobre cuidados p√≥s-tratamento","Qualidade dos tratamentos","Whatsapp","N√£o aceitar o conv√™nio por completo precisar pagar a metade do valor do procedimento ","Todas as op√ß√µes acima","Demora excessiva no agendamento de consultas e espera prolongada no consult√≥rio","Por redes sociais"
"2024/04/12 3:48:12 PM GMT-3","Atendimento cordial com os clientes","Qualidade no atendimento do dentista e esclarecimento a cerca dos procedimentos","Entretenimento durante o procedimento (TVs ou m√∫sica)","Experi√™ncia do dentista","Whatsapp","","Cart√£o cr√©dito/d√©bito","Falta de higiene percept√≠vel no consult√≥rio","Por pesquisa na internet dos consult√≥rios pr√≥ximos"
"2024/04/12 4:00:16 PM GMT-3","Esclarecimento do dentista acerca dos procedimentos a serem feitos","Qualidade no atendimento do dentista e esclarecimento a cerca dos procedimentos","Sistema de lembretes de consulta digital e informa√ß√µes sobre cuidados p√≥s-tratamento","Atmosfera geral do consult√≥rio","Whatsapp","Dentista que n√£o tem for√ßa para extrair um dente ü¶∑","Todas as op√ß√µes acima","Falta de higiene percept√≠vel no consult√≥rio","Por indica√ß√£o"
"2024/04/12 4:05:17 PM GMT-3","Esclarecimento do dentista acerca dos procedimentos a serem feitos","Qualidade no atendimento do dentista e esclarecimento a cerca dos procedimentos","Sistema de lembretes de consulta digital e informa√ß√µes sobre cuidados p√≥s-tratamento","Experi√™ncia do dentista","Whatsapp","","Todas as op√ß√µes acima","Atendimento rude ou falta de empatia por parte da equipe","Por indica√ß√£o"
"2024/04/12 4:26:11 PM GMT-3","Atendimento cordial com os clientes","Qualidade no atendimento do dentista e esclarecimento a cerca dos procedimentos","Entretenimento durante o procedimento (TVs ou m√∫sica)","Qualidade dos tratamentos","Whatsapp","Sim, tempo de espera para a consulta. ","Todas as op√ß√µes acima","Demora excessiva no agendamento de consultas e espera prolongada no consult√≥rio","Por indica√ß√£o"
"2024/04/12 4:38:37 PM GMT-3","Esclarecimento do dentista acerca dos procedimentos a serem feitos","Qualidade no atendimento do dentista e esclarecimento a cerca dos procedimentos","Entretenimento durante o procedimento (TVs ou m√∫sica)","Qualidade dos tratamentos","Whatsapp","","Todas as op√ß√µes acima","Falta de higiene percept√≠vel no consult√≥rio","Por indica√ß√£o"
"2024/04/12 5:37:03 PM GMT-3","Esclarecimento do dentista acerca dos procedimentos a serem feitos","Qualidade no trato com o cliente","Sistema de lembretes de consulta digital e informa√ß√µes sobre cuidados p√≥s-tratamento","Qualidade dos tratamentos","Whatsapp","O dentista a qual fui uma vez, n√£o conseguiu responder o que era um amarelo que eu tinha no meu dente frontal e me tratou como se eu fosse uma ""alien√≠gena"" e como se o meu caso, fosse √∫nico no mundo e eu fosse algo assustador, ap√≥s isso nunca mais voltei l√° e nunca voltarei, nem que seja a √∫ltima op√ß√£o. Encontrei outro consult√≥rio onde fui atendida de forma perfeita e incr√≠vel.","Todas as op√ß√µes acima","Atendimento rude ou falta de empatia por parte da equipe","Por indica√ß√£o"
"2024/04/12 6:37:36 PM GMT-3","O sem coloca a parte do sistema que e inicial, que ela essa parte seja o mais acomodante poss√≠vel para os clientes ","Qualidade no atendimento do dentista e esclarecimento a cerca dos procedimentos","Servi√ßos complementares como consultas de nutri√ß√£o ou terapia relaxante","Atmosfera geral do consult√≥rio","Whatsapp","N√£o ","Todas as op√ß√µes acima","Atendimento rude ou falta de empatia por parte da equipe","Por redes sociais"
"2024/04/14 10:20:31 PM GMT-3","Atendimento cordial com os clientes","Qualidade no atendimento do dentista e esclarecimento a cerca dos procedimentos","Sistema de lembretes de consulta digital e informa√ß√µes sobre cuidados p√≥s-tratamento","Qualidade dos tratamentos","Whatsapp","N√£o ","Todas as op√ß√µes acima","Demora excessiva no agendamento de consultas e espera prolongada no consult√≥rio","Por indica√ß√£o"
"2024/04/14 10:33:28 PM GMT-3","Esclarecimento do dentista acerca dos procedimentos a serem feitos","Pre√ßos confort√°veis com v√°rias op√ß√µes de pagamento e possibilidade de parcelamento/desconto","Sistema de lembretes de consulta digital e informa√ß√µes sobre cuidados p√≥s-tratamento","Atmosfera geral do consult√≥rio","Whatsapp","","Todas as op√ß√µes acima","Falta de higiene percept√≠vel no consult√≥rio","Por redes sociais"
"2024/04/14 10:37:48 PM GMT-3","Esclarecimento do dentista acerca dos procedimentos a serem feitos","Qualidade no atendimento do dentista e esclarecimento a cerca dos procedimentos","Sistema de lembretes de consulta digital e informa√ß√µes sobre cuidados p√≥s-tratamento","Qualidade dos tratamentos","Whatsapp","Perceber que a dentista n√£o era adequadamente segura dos procedimentos.","Todas as op√ß√µes acima","Falta de higiene percept√≠vel no consult√≥rio","Por pesquisa na internet dos consult√≥rios pr√≥ximos"
"2024/04/14 10:40:11 PM GMT-3","Esclarecimento do dentista acerca dos procedimentos a serem feitos","Qualidade no atendimento do dentista e esclarecimento a cerca dos procedimentos","Sistema de lembretes de consulta digital e informa√ß√µes sobre cuidados p√≥s-tratamento","Experi√™ncia do dentista","Whatsapp","Sim","Todas as op√ß√µes acima","Pre√ßos muito elevados em compara√ß√£o com outros consult√≥rios da regi√£o","Por indica√ß√£o"
"2024/04/14 10:40:22 PM GMT-3","Boas recomenda√ß√µes","Qualidade no atendimento do dentista e esclarecimento a cerca dos procedimentos","Servi√ßos complementares como consultas de nutri√ß√£o ou terapia relaxante","Qualidade dos tratamentos","Whatsapp","Sim. Procedimentos inadequado. ","Todas as op√ß√µes acima","Falta de higiene percept√≠vel no consult√≥rio","Por indica√ß√£o"
"2024/04/14 11:00:19 PM GMT-3","Boas recomenda√ß√µes","Qualidade no atendimento do dentista e esclarecimento a cerca dos procedimentos","Sistema de lembretes de consulta digital e informa√ß√µes sobre cuidados p√≥s-tratamento","Qualidade dos tratamentos","Whatsapp","Diagn√≥sticos errados para realizar servi√ßos mais caros.","Todas as op√ß√µes acima","Falta de higiene percept√≠vel no consult√≥rio","Por indica√ß√£o"
"2024/04/14 11:04:33 PM GMT-3","Esclarecimento do dentista acerca dos procedimentos a serem feitos","Atendimento respeitoso e pontual","Sistema de lembretes de consulta digital e informa√ß√µes sobre cuidados p√≥s-tratamento","Qualidade dos tratamentos","Whatsapp","Sim atendimento sempre atrasado","Pix","Demora excessiva no agendamento de consultas e espera prolongada no consult√≥rio","Por pesquisa na internet dos consult√≥rios pr√≥ximos"
"2024/04/14 11:09:32 PM GMT-3","Esclarecimento do dentista acerca dos procedimentos a serem feitos","Qualidade no atendimento do dentista e esclarecimento a cerca dos procedimentos","Sistema de lembretes de consulta digital e informa√ß√µes sobre cuidados p√≥s-tratamento","Qualidade dos tratamentos","Whatsapp","","Todas as op√ß√µes acima","Falta de higiene percept√≠vel no consult√≥rio","Por indica√ß√£o"
"2024/04/14 11:10:40 PM GMT-3","Esclarecimento do dentista acerca dos procedimentos a serem feitos","Qualidade no atendimento do dentista e esclarecimento a cerca dos procedimentos","Entretenimento durante o procedimento (TVs ou m√∫sica)","Qualidade dos tratamentos","Whatsapp","Sim. Atendimento ruim ","Todas as op√ß√µes acima","Atendimento rude ou falta de empatia por parte da equipe","Por indica√ß√£o"
"2024/04/14 11:20:32 PM GMT-3","Esclarecimento do dentista acerca dos procedimentos a serem feitos","Qualidade no atendimento do dentista e esclarecimento a cerca dos procedimentos","Sistema de lembretes de consulta digital e informa√ß√µes sobre cuidados p√≥s-tratamento","Qualidade dos tratamentos","Whatsapp","Sim. Procedimentos que n√£o precisavam serem feitos e o dentista disse que haviam v√°rios problemas","Todas as op√ß√µes acima","Pre√ßos muito elevados em compara√ß√£o com outros consult√≥rios da regi√£o","Por pesquisa na internet dos consult√≥rios pr√≥ximos"
"2024/04/15 12:10:17 AM GMT-3","Esclarecimento do dentista acerca dos procedimentos a serem feitos","Qualidade no atendimento do dentista e esclarecimento a cerca dos procedimentos","Sistema de lembretes de consulta digital e informa√ß√µes sobre cuidados p√≥s-tratamento","Qualidade dos tratamentos","Whatsapp","Dentista que n√£o explicou sobre o processo, fazendo com que eu gastasse al√©m do que foi explicado no in√≠cio do tratamento que seria mais longo do que o informado.","Cart√£o cr√©dito/d√©bito","Atendimento rude ou falta de empatia por parte da equipe","Por indica√ß√£o"
"2024/04/15 4:18:07 AM GMT-3","Esclarecimento do dentista acerca dos procedimentos a serem feitos","Qualidade no atendimento do dentista e esclarecimento a cerca dos procedimentos","Sistema de lembretes de consulta digital e informa√ß√µes sobre cuidados p√≥s-tratamento","Atmosfera geral do consult√≥rio","Whatsapp","N√£o ","Todas as op√ß√µes acima","Atendimento rude ou falta de empatia por parte da equipe","Por indica√ß√£o"
"2024/04/15 6:52:34 AM GMT-3","Esclarecimento do dentista acerca dos procedimentos a serem feitos","Qualidade no atendimento do dentista e esclarecimento a cerca dos procedimentos","Sistema de lembretes de consulta digital e informa√ß√µes sobre cuidados p√≥s-tratamento","Experi√™ncia do dentista","Whatsapp","Sim,  ambiente de atendimento sem limpeza adequada. ","Todas as op√ß√µes acima","Falta de higiene percept√≠vel no consult√≥rio","Por indica√ß√£o"
"2024/04/15 8:53:52 AM GMT-3","Esclarecimento do dentista acerca dos procedimentos a serem feitos","Qualidade no atendimento do dentista e esclarecimento a cerca dos procedimentos","Sistema de lembretes de consulta digital e informa√ß√µes sobre cuidados p√≥s-tratamento","Qualidade dos tratamentos","Whatsapp","N√£o ","Cart√£o cr√©dito/d√©bito","Pre√ßos muito elevados em compara√ß√£o com outros consult√≥rios da regi√£o","Por indica√ß√£o"
"2024/04/15 8:55:15 AM GMT-3","Esclarecimento do dentista acerca dos procedimentos a serem feitos","Qualidade no atendimento do dentista e esclarecimento a cerca dos procedimentos","Sistema de lembretes de consulta digital e informa√ß√µes sobre cuidados p√≥s-tratamento","Atmosfera geral do consult√≥rio","Whatsapp","Sim","Todas as op√ß√µes acima","Pre√ßos muito elevados em compara√ß√£o com outros consult√≥rios da regi√£o","Por indica√ß√£o"
"2024/04/15 8:58:49 AM GMT-3","Atmosfera do ambiente","Ambiente confort√°vel","Entretenimento durante o procedimento (TVs ou m√∫sica)","Qualidade dos tratamentos","Whatsapp","Sim","Todas as op√ß√µes acima","Demora excessiva no agendamento de consultas e espera prolongada no consult√≥rio","Nunca fui a um consult√≥rio odontol√≥gico"
"2024/04/16 8:38:45 AM GMT-3","Esclarecimento do dentista acerca dos procedimentos a serem feitos","Qualidade no atendimento do dentista e esclarecimento a cerca dos procedimentos","Entretenimento durante o procedimento (TVs ou m√∫sica)","Qualidade dos tratamentos","Whatsapp","Sim","Todas as op√ß√µes acima","Demora excessiva no agendamento de consultas e espera prolongada no consult√≥rio","Por indica√ß√£o"